{
    "model_type": "GaussianProcess_SoR_LinearKernel",
    "num_inducing_points": 100,
    "optimized_noise_variance": 0.11499603574114828,
    "initial_noise_variance": 0.1,
    "overall_test_nmse": 0.1135634261065925,
    "per_output_test_nmse": [
        0.07561208636561635,
        0.09969528063832256,
        0.08755770462799073,
        0.051452049173956405,
        0.13783940052876173,
        0.28033357374048695,
        0.06245388767101269
    ],
    "overall_test_mse": 10.714710337196399,
    "per_output_test_mse": [
        31.64613963324976,
        23.008222630289968,
        8.990885126737888,
        9.983218015918798,
        0.1345782873553934,
        0.8054036566787071,
        0.43452501014428324
    ],
    "overall_test_r2": 0.8864365738934076,
    "per_output_test_r2": [
        0.9243879136343837,
        0.9003047193616774,
        0.9124422953720093,
        0.9485479508260436,
        0.8621605994712382,
        0.719666426259513,
        0.9375461123289873
    ],
    "fit_time_seconds": 4.816776990890503,
    "predict_time_seconds": 0.04573202133178711,
    "fit_memory_MB": 66928.0,
    "predict_memory_MB": 16.0,
    "dataset_train_shape_X": [
        39484,
        21
    ],
    "dataset_train_shape_Y": [
        39484,
        7
    ],
    "dataset_test_shape_X": [
        5000,
        21
    ],
    "dataset_test_shape_Y": [
        5000,
        7
    ],
    "optimizer_log": {
        "noise_history": [
            0.10000000000000002,
            0.10000000100000002,
            999.9999999999998,
            999.9999899999999,
            0.1446325539117287,
            0.14463255535805422,
            0.11502156255010734,
            0.11502156370032296,
            0.11499777853023535,
            0.11499777968021313,
            0.11499603574114828,
            0.11499603689110863
        ],
        "nll_history": [
            94697.76313154394,
            94697.76292430768,
            1208610.267368187,
            1208610.265986403,
            96654.15124795365,
            96654.15153112561,
            93283.64258142115,
            93283.64258172784,
            93283.63919395726,
            93283.6391939782,
            93283.63917811803,
            93283.63917811801
        ]
    }
}